Workbook

Sheet Overview
A1: Cosmodrone Balance Model
A3: Purpose | B3: Tune core numbers for modules, templates, and puzzle targets without editing code.
A5: How to use
A6: 1 | B6: Adjust values in the Chassis and Modules sheets.
A7: 2 | B7: Edit template loadouts in the Loadouts sheet.
A8: 3 | B8: Pick a template per level in LevelCalc to estimate trip safety, ticks, and ops.
A9: 4 | B9: Treat all defaults as starting assumptions, not final balance.
A11: Key assumptions
A12: - Battery is intrinsic to the chassis in MVP.
A13: - Ops are charged for API calls only.
A14: - moveTo() takes one step per tick toward coordinates.
A15: - mine(direction) and store() resolve during same-tick actuator resolution.
A16: - Drones can stack on the same tile in v1.
A18: Notes
A19: - Level 1 style levels can preload ore coordinates only and do not require sensors.
A20: - Level 5+ style levels can start depending on SENSOR_BASIC and baseMemory.

Sheet Chassis
A1: Param | B1: Value | C1: Notes
A2: MAX_SLOTS | B2: 4 | C2: Hard chassis module slots in MVP
A3: BASE_BATTERY_CAP | B3: 120 | C3: Intrinsic battery capacity per drone
A4: ORE_PER_MINE_ACTION | B4: 1 | C4: Ore gained by one successful mine action
A5: MOVE_OP_COST | B5: 5 | C5: Ops cost of moveTo()
A6: MINE_OP_COST | B6: 3 | C6: Ops cost of mine()
A7: STORE_OP_COST | B7: 2 | C7: Ops cost of store()

Sheet Modules
A1: Module | B1: Category | C1: Slots | D1: OreCost | E1: OpsBudget | F1: MemoryBytes | G1: CargoCap | H1: SensorRadius | I1: DrainPerTick | J1: Notes
A2: CPU_MICRO | B2: CPU | C2: 1 | D2: 10 | E2: 32 | F2: 128 | G2: 0 | H2: 0 | I2: 1 | J2: Starter CPU
A3: CPU_BASIC | B3: CPU | C3: 2 | D3: 50 | E3: 128 | F3: 512 | G3: 0 | H3: 0 | I3: 2 | J3: Mid-tier CPU
A4: CPU_ADVANCED | B4: CPU | C4: 2 | D4: 200 | E4: 512 | F4: 2048 | G4: 0 | H4: 0 | I4: 4 | J4: High-end CPU
A5: SENSOR_BASIC | B5: Sensor | C5: 1 | D5: 15 | E5: 0 | F5: 0 | G5: 0 | H5: 3 | I5: 1 | J5: Basic local sensing
A6: LEGS | B6: Mobility | C6: 1 | D6: 10 | E6: 0 | F6: 0 | G6: 0 | H6: 0 | I6: 1 | J6: Required for moveTo()
A7: DRILL | B7: Mining | C7: 1 | D7: 10 | E7: 0 | F7: 0 | G7: 0 | H7: 0 | I7: 2 | J7: Required for mine()
A8: CARGO | B8: Cargo | C8: 1 | D8: 15 | E8: 0 | F8: 0 | G8: 100 | H8: 0 | I8: 0 | J8: Required for store(); adds capacity

Sheet Loadouts
A1: Template | B1: Slot1 | C1: Slot2 | D1: Slot3 | E1: Slot4 | F1: SlotsUsed | G1: Legal | H1: OreCost | I1: OpsBudget | J1: MemoryBytes | K1: CargoCap | L1: SensorRadius | M1: HasMove | N1: HasMine | O1: HasStore | P1: DrainPerTick | Q1: BatteryCap | R1: EstIdleTicks
A2: StarterMiner | B2: CPU_MICRO | C2: LEGS | D2: DRILL | E2: CARGO | F2: =SUM(IFERROR(VLOOKUP(B2,Modules!$A$2:$I$8,3,FALSE),0),IFERROR(VLOOKUP(C2,Modules!$A$2:$I$8,3,FALSE),0),IFERROR(VLOOKUP(D2,Modules!$A$2:$I$8,3,FALSE),0),IFERROR(VLOOKUP(E2,Modules!$A$2:$I$8,3,FALSE),0)) | G2: =AND(F2<=Chassis!$B$2,COUNTIF(B2:E2,"CPU_*")=1) | H2: =SUM(IFERROR(VLOOKUP(B2,Modules!$A$2:$I$8,4,FALSE),0),IFERROR(VLOOKUP(C2,Modules!$A$2:$I$8,4,FALSE),0),IFERROR(VLOOKUP(D2,Modules!$A$2:$I$8,4,FALSE),0),IFERROR(VLOOKUP(E2,Modules!$A$2:$I$8,4,FALSE),0)) | I2: =SUM(IFERROR(VLOOKUP(B2,Modules!$A$2:$I$8,5,FALSE),0),IFERROR(VLOOKUP(C2,Modules!$A$2:$I$8,5,FALSE),0),IFERROR(VLOOKUP(D2,Modules!$A$2:$I$8,5,FALSE),0),IFERROR(VLOOKUP(E2,Modules!$A$2:$I$8,5,FALSE),0)) | J2: =SUM(IFERROR(VLOOKUP(B2,Modules!$A$2:$I$8,6,FALSE),0),IFERROR(VLOOKUP(C2,Modules!$A$2:$I$8,6,FALSE),0),IFERROR(VLOOKUP(D2,Modules!$A$2:$I$8,6,FALSE),0),IFERROR(VLOOKUP(E2,Modules!$A$2:$I$8,6,FALSE),0)) | K2: =SUM(IFERROR(VLOOKUP(B2,Modules!$A$2:$I$8,7,FALSE),0),IFERROR(VLOOKUP(C2,Modules!$A$2:$I$8,7,FALSE),0),IFERROR(VLOOKUP(D2,Modules!$A$2:$I$8,7,FALSE),0),IFERROR(VLOOKUP(E2,Modules!$A$2:$I$8,7,FALSE),0)) | L2: =MAX(IFERROR(VLOOKUP(B2,Modules!$A$2:$I$8,8,FALSE),0),IFERROR(VLOOKUP(C2,Modules!$A$2:$I$8,8,FALSE),0),IFERROR(VLOOKUP(D2,Modules!$A$2:$I$8,8,FALSE),0),IFERROR(VLOOKUP(E2,Modules!$A$2:$I$8,8,FALSE),0)) | M2: =COUNTIF(B2:E2,"LEGS")>0 | N2: =COUNTIF(B2:E2,"DRILL")>0 | O2: =COUNTIF(B2:E2,"CARGO")>0 | P2: =SUM(IFERROR(VLOOKUP(B2,Modules!$A$2:$I$8,9,FALSE),0),IFERROR(VLOOKUP(C2,Modules!$A$2:$I$8,9,FALSE),0),IFERROR(VLOOKUP(D2,Modules!$A$2:$I$8,9,FALSE),0),IFERROR(VLOOKUP(E2,Modules!$A$2:$I$8,9,FALSE),0)) | Q2: =Chassis!$B$3 | R2: =IF(P2>0,Q2/P2,"")
A3: Scout | B3: CPU_MICRO | C3: SENSOR_BASIC | D3: LEGS | E3: CARGO | F3: =SUM(IFERROR(VLOOKUP(B3,Modules!$A$2:$I$8,3,FALSE),0),IFERROR(VLOOKUP(C3,Modules!$A$2:$I$8,3,FALSE),0),IFERROR(VLOOKUP(D3,Modules!$A$2:$I$8,3,FALSE),0),IFERROR(VLOOKUP(E3,Modules!$A$2:$I$8,3,FALSE),0)) | G3: =AND(F3<=Chassis!$B$2,COUNTIF(B3:E3,"CPU_*")=1) | H3: =SUM(IFERROR(VLOOKUP(B3,Modules!$A$2:$I$8,4,FALSE),0),IFERROR(VLOOKUP(C3,Modules!$A$2:$I$8,4,FALSE),0),IFERROR(VLOOKUP(D3,Modules!$A$2:$I$8,4,FALSE),0),IFERROR(VLOOKUP(E3,Modules!$A$2:$I$8,4,FALSE),0)) | I3: =SUM(IFERROR(VLOOKUP(B3,Modules!$A$2:$I$8,5,FALSE),0),IFERROR(VLOOKUP(C3,Modules!$A$2:$I$8,5,FALSE),0),IFERROR(VLOOKUP(D3,Modules!$A$2:$I$8,5,FALSE),0),IFERROR(VLOOKUP(E3,Modules!$A$2:$I$8,5,FALSE),0)) | J3: =SUM(IFERROR(VLOOKUP(B3,Modules!$A$2:$I$8,6,FALSE),0),IFERROR(VLOOKUP(C3,Modules!$A$2:$I$8,6,FALSE),0),IFERROR(VLOOKUP(D3,Modules!$A$2:$I$8,6,FALSE),0),IFERROR(VLOOKUP(E3,Modules!$A$2:$I$8,6,FALSE),0)) | K3: =SUM(IFERROR(VLOOKUP(B3,Modules!$A$2:$I$8,7,FALSE),0),IFERROR(VLOOKUP(C3,Modules!$A$2:$I$8,7,FALSE),0),IFERROR(VLOOKUP(D3,Modules!$A$2:$I$8,7,FALSE),0),IFERROR(VLOOKUP(E3,Modules!$A$2:$I$8,7,FALSE),0)) | L3: =MAX(IFERROR(VLOOKUP(B3,Modules!$A$2:$I$8,8,FALSE),0),IFERROR(VLOOKUP(C3,Modules!$A$2:$I$8,8,FALSE),0),IFERROR(VLOOKUP(D3,Modules!$A$2:$I$8,8,FALSE),0),IFERROR(VLOOKUP(E3,Modules!$A$2:$I$8,8,FALSE),0)) | M3: =COUNTIF(B3:E3,"LEGS")>0 | N3: =COUNTIF(B3:E3,"DRILL")>0 | O3: =COUNTIF(B3:E3,"CARGO")>0 | P3: =SUM(IFERROR(VLOOKUP(B3,Modules!$A$2:$I$8,9,FALSE),0),IFERROR(VLOOKUP(C3,Modules!$A$2:$I$8,9,FALSE),0),IFERROR(VLOOKUP(D3,Modules!$A$2:$I$8,9,FALSE),0),IFERROR(VLOOKUP(E3,Modules!$A$2:$I$8,9,FALSE),0)) | Q3: =Chassis!$B$3 | R3: =IF(P3>0,Q3/P3,"")
A4: Coordinator | B4: CPU_BASIC | C4: SENSOR_BASIC | D4: LEGS | F4: =SUM(IFERROR(VLOOKUP(B4,Modules!$A$2:$I$8,3,FALSE),0),IFERROR(VLOOKUP(C4,Modules!$A$2:$I$8,3,FALSE),0),IFERROR(VLOOKUP(D4,Modules!$A$2:$I$8,3,FALSE),0),IFERROR(VLOOKUP(E4,Modules!$A$2:$I$8,3,FALSE),0)) | G4: =AND(F4<=Chassis!$B$2,COUNTIF(B4:E4,"CPU_*")=1) | H4: =SUM(IFERROR(VLOOKUP(B4,Modules!$A$2:$I$8,4,FALSE),0),IFERROR(VLOOKUP(C4,Modules!$A$2:$I$8,4,FALSE),0),IFERROR(VLOOKUP(D4,Modules!$A$2:$I$8,4,FALSE),0),IFERROR(VLOOKUP(E4,Modules!$A$2:$I$8,4,FALSE),0)) | I4: =SUM(IFERROR(VLOOKUP(B4,Modules!$A$2:$I$8,5,FALSE),0),IFERROR(VLOOKUP(C4,Modules!$A$2:$I$8,5,FALSE),0),IFERROR(VLOOKUP(D4,Modules!$A$2:$I$8,5,FALSE),0),IFERROR(VLOOKUP(E4,Modules!$A$2:$I$8,5,FALSE),0)) | J4: =SUM(IFERROR(VLOOKUP(B4,Modules!$A$2:$I$8,6,FALSE),0),IFERROR(VLOOKUP(C4,Modules!$A$2:$I$8,6,FALSE),0),IFERROR(VLOOKUP(D4,Modules!$A$2:$I$8,6,FALSE),0),IFERROR(VLOOKUP(E4,Modules!$A$2:$I$8,6,FALSE),0)) | K4: =SUM(IFERROR(VLOOKUP(B4,Modules!$A$2:$I$8,7,FALSE),0),IFERROR(VLOOKUP(C4,Modules!$A$2:$I$8,7,FALSE),0),IFERROR(VLOOKUP(D4,Modules!$A$2:$I$8,7,FALSE),0),IFERROR(VLOOKUP(E4,Modules!$A$2:$I$8,7,FALSE),0)) | L4: =MAX(IFERROR(VLOOKUP(B4,Modules!$A$2:$I$8,8,FALSE),0),IFERROR(VLOOKUP(C4,Modules!$A$2:$I$8,8,FALSE),0),IFERROR(VLOOKUP(D4,Modules!$A$2:$I$8,8,FALSE),0),IFERROR(VLOOKUP(E4,Modules!$A$2:$I$8,8,FALSE),0)) | M4: =COUNTIF(B4:E4,"LEGS")>0 | N4: =COUNTIF(B4:E4,"DRILL")>0 | O4: =COUNTIF(B4:E4,"CARGO")>0 | P4: =SUM(IFERROR(VLOOKUP(B4,Modules!$A$2:$I$8,9,FALSE),0),IFERROR(VLOOKUP(C4,Modules!$A$2:$I$8,9,FALSE),0),IFERROR(VLOOKUP(D4,Modules!$A$2:$I$8,9,FALSE),0),IFERROR(VLOOKUP(E4,Modules!$A$2:$I$8,9,FALSE),0)) | Q4: =Chassis!$B$3 | R4: =IF(P4>0,Q4/P4,"")
A5: Hauler | B5: CPU_MICRO | C5: LEGS | D5: CARGO | E5: CARGO | F5: =SUM(IFERROR(VLOOKUP(B5,Modules!$A$2:$I$8,3,FALSE),0),IFERROR(VLOOKUP(C5,Modules!$A$2:$I$8,3,FALSE),0),IFERROR(VLOOKUP(D5,Modules!$A$2:$I$8,3,FALSE),0),IFERROR(VLOOKUP(E5,Modules!$A$2:$I$8,3,FALSE),0)) | G5: =AND(F5<=Chassis!$B$2,COUNTIF(B5:E5,"CPU_*")=1) | H5: =SUM(IFERROR(VLOOKUP(B5,Modules!$A$2:$I$8,4,FALSE),0),IFERROR(VLOOKUP(C5,Modules!$A$2:$I$8,4,FALSE),0),IFERROR(VLOOKUP(D5,Modules!$A$2:$I$8,4,FALSE),0),IFERROR(VLOOKUP(E5,Modules!$A$2:$I$8,4,FALSE),0)) | I5: =SUM(IFERROR(VLOOKUP(B5,Modules!$A$2:$I$8,5,FALSE),0),IFERROR(VLOOKUP(C5,Modules!$A$2:$I$8,5,FALSE),0),IFERROR(VLOOKUP(D5,Modules!$A$2:$I$8,5,FALSE),0),IFERROR(VLOOKUP(E5,Modules!$A$2:$I$8,5,FALSE),0)) | J5: =SUM(IFERROR(VLOOKUP(B5,Modules!$A$2:$I$8,6,FALSE),0),IFERROR(VLOOKUP(C5,Modules!$A$2:$I$8,6,FALSE),0),IFERROR(VLOOKUP(D5,Modules!$A$2:$I$8,6,FALSE),0),IFERROR(VLOOKUP(E5,Modules!$A$2:$I$8,6,FALSE),0)) | K5: =SUM(IFERROR(VLOOKUP(B5,Modules!$A$2:$I$8,7,FALSE),0),IFERROR(VLOOKUP(C5,Modules!$A$2:$I$8,7,FALSE),0),IFERROR(VLOOKUP(D5,Modules!$A$2:$I$8,7,FALSE),0),IFERROR(VLOOKUP(E5,Modules!$A$2:$I$8,7,FALSE),0)) | L5: =MAX(IFERROR(VLOOKUP(B5,Modules!$A$2:$I$8,8,FALSE),0),IFERROR(VLOOKUP(C5,Modules!$A$2:$I$8,8,FALSE),0),IFERROR(VLOOKUP(D5,Modules!$A$2:$I$8,8,FALSE),0),IFERROR(VLOOKUP(E5,Modules!$A$2:$I$8,8,FALSE),0)) | M5: =COUNTIF(B5:E5,"LEGS")>0 | N5: =COUNTIF(B5:E5,"DRILL")>0 | O5: =COUNTIF(B5:E5,"CARGO")>0 | P5: =SUM(IFERROR(VLOOKUP(B5,Modules!$A$2:$I$8,9,FALSE),0),IFERROR(VLOOKUP(C5,Modules!$A$2:$I$8,9,FALSE),0),IFERROR(VLOOKUP(D5,Modules!$A$2:$I$8,9,FALSE),0),IFERROR(VLOOKUP(E5,Modules!$A$2:$I$8,9,FALSE),0)) | Q5: =Chassis!$B$3 | R5: =IF(P5>0,Q5/P5,"")
A6: SurveyMiner | B6: CPU_MICRO | C6: SENSOR_BASIC | D6: LEGS | E6: DRILL | F6: =SUM(IFERROR(VLOOKUP(B6,Modules!$A$2:$I$8,3,FALSE),0),IFERROR(VLOOKUP(C6,Modules!$A$2:$I$8,3,FALSE),0),IFERROR(VLOOKUP(D6,Modules!$A$2:$I$8,3,FALSE),0),IFERROR(VLOOKUP(E6,Modules!$A$2:$I$8,3,FALSE),0)) | G6: =AND(F6<=Chassis!$B$2,COUNTIF(B6:E6,"CPU_*")=1) | H6: =SUM(IFERROR(VLOOKUP(B6,Modules!$A$2:$I$8,4,FALSE),0),IFERROR(VLOOKUP(C6,Modules!$A$2:$I$8,4,FALSE),0),IFERROR(VLOOKUP(D6,Modules!$A$2:$I$8,4,FALSE),0),IFERROR(VLOOKUP(E6,Modules!$A$2:$I$8,4,FALSE),0)) | I6: =SUM(IFERROR(VLOOKUP(B6,Modules!$A$2:$I$8,5,FALSE),0),IFERROR(VLOOKUP(C6,Modules!$A$2:$I$8,5,FALSE),0),IFERROR(VLOOKUP(D6,Modules!$A$2:$I$8,5,FALSE),0),IFERROR(VLOOKUP(E6,Modules!$A$2:$I$8,5,FALSE),0)) | J6: =SUM(IFERROR(VLOOKUP(B6,Modules!$A$2:$I$8,6,FALSE),0),IFERROR(VLOOKUP(C6,Modules!$A$2:$I$8,6,FALSE),0),IFERROR(VLOOKUP(D6,Modules!$A$2:$I$8,6,FALSE),0),IFERROR(VLOOKUP(E6,Modules!$A$2:$I$8,6,FALSE),0)) | K6: =SUM(IFERROR(VLOOKUP(B6,Modules!$A$2:$I$8,7,FALSE),0),IFERROR(VLOOKUP(C6,Modules!$A$2:$I$8,7,FALSE),0),IFERROR(VLOOKUP(D6,Modules!$A$2:$I$8,7,FALSE),0),IFERROR(VLOOKUP(E6,Modules!$A$2:$I$8,7,FALSE),0)) | L6: =MAX(IFERROR(VLOOKUP(B6,Modules!$A$2:$I$8,8,FALSE),0),IFERROR(VLOOKUP(C6,Modules!$A$2:$I$8,8,FALSE),0),IFERROR(VLOOKUP(D6,Modules!$A$2:$I$8,8,FALSE),0),IFERROR(VLOOKUP(E6,Modules!$A$2:$I$8,8,FALSE),0)) | M6: =COUNTIF(B6:E6,"LEGS")>0 | N6: =COUNTIF(B6:E6,"DRILL")>0 | O6: =COUNTIF(B6:E6,"CARGO")>0 | P6: =SUM(IFERROR(VLOOKUP(B6,Modules!$A$2:$I$8,9,FALSE),0),IFERROR(VLOOKUP(C6,Modules!$A$2:$I$8,9,FALSE),0),IFERROR(VLOOKUP(D6,Modules!$A$2:$I$8,9,FALSE),0),IFERROR(VLOOKUP(E6,Modules!$A$2:$I$8,9,FALSE),0)) | Q6: =Chassis!$B$3 | R6: =IF(P6>0,Q6/P6,"")
A7: HeavyLogic | B7: CPU_ADVANCED | C7: LEGS | D7: CARGO | F7: =SUM(IFERROR(VLOOKUP(B7,Modules!$A$2:$I$8,3,FALSE),0),IFERROR(VLOOKUP(C7,Modules!$A$2:$I$8,3,FALSE),0),IFERROR(VLOOKUP(D7,Modules!$A$2:$I$8,3,FALSE),0),IFERROR(VLOOKUP(E7,Modules!$A$2:$I$8,3,FALSE),0)) | G7: =AND(F7<=Chassis!$B$2,COUNTIF(B7:E7,"CPU_*")=1) | H7: =SUM(IFERROR(VLOOKUP(B7,Modules!$A$2:$I$8,4,FALSE),0),IFERROR(VLOOKUP(C7,Modules!$A$2:$I$8,4,FALSE),0),IFERROR(VLOOKUP(D7,Modules!$A$2:$I$8,4,FALSE),0),IFERROR(VLOOKUP(E7,Modules!$A$2:$I$8,4,FALSE),0)) | I7: =SUM(IFERROR(VLOOKUP(B7,Modules!$A$2:$I$8,5,FALSE),0),IFERROR(VLOOKUP(C7,Modules!$A$2:$I$8,5,FALSE),0),IFERROR(VLOOKUP(D7,Modules!$A$2:$I$8,5,FALSE),0),IFERROR(VLOOKUP(E7,Modules!$A$2:$I$8,5,FALSE),0)) | J7: =SUM(IFERROR(VLOOKUP(B7,Modules!$A$2:$I$8,6,FALSE),0),IFERROR(VLOOKUP(C7,Modules!$A$2:$I$8,6,FALSE),0),IFERROR(VLOOKUP(D7,Modules!$A$2:$I$8,6,FALSE),0),IFERROR(VLOOKUP(E7,Modules!$A$2:$I$8,6,FALSE),0)) | K7: =SUM(IFERROR(VLOOKUP(B7,Modules!$A$2:$I$8,7,FALSE),0),IFERROR(VLOOKUP(C7,Modules!$A$2:$I$8,7,FALSE),0),IFERROR(VLOOKUP(D7,Modules!$A$2:$I$8,7,FALSE),0),IFERROR(VLOOKUP(E7,Modules!$A$2:$I$8,7,FALSE),0)) | L7: =MAX(IFERROR(VLOOKUP(B7,Modules!$A$2:$I$8,8,FALSE),0),IFERROR(VLOOKUP(C7,Modules!$A$2:$I$8,8,FALSE),0),IFERROR(VLOOKUP(D7,Modules!$A$2:$I$8,8,FALSE),0),IFERROR(VLOOKUP(E7,Modules!$A$2:$I$8,8,FALSE),0)) | M7: =COUNTIF(B7:E7,"LEGS")>0 | N7: =COUNTIF(B7:E7,"DRILL")>0 | O7: =COUNTIF(B7:E7,"CARGO")>0 | P7: =SUM(IFERROR(VLOOKUP(B7,Modules!$A$2:$I$8,9,FALSE),0),IFERROR(VLOOKUP(C7,Modules!$A$2:$I$8,9,FALSE),0),IFERROR(VLOOKUP(D7,Modules!$A$2:$I$8,9,FALSE),0),IFERROR(VLOOKUP(E7,Modules!$A$2:$I$8,9,FALSE),0)) | Q7: =Chassis!$B$3 | R7: =IF(P7>0,Q7/P7,"")

Sheet LevelCalc
A1: Level | B1: Template | C1: TargetOre | D1: OneWayDistance | E1: CargoCap | F1: OrePerMine | G1: TripsNeeded | H1: MoveActionsPerTrip | I1: MineActionsPerTrip | J1: StoreActionsPerTrip | K1: EstTicksPerTrip | L1: EstTotalTicks | M1: OpsPerTrip | N1: EstTotalOps | O1: DrainPerTick | P1: BatteryCap | Q1: TripBatteryUse | R1: SafeTrip | S1: BatteryMargin | T1: MaxSafeOneWayDist
A2: Level1_FirstLoop | B2: StarterMiner | C2: 10 | D2: 4 | E2: =IFERROR(VLOOKUP(B2,Loadouts!$A$2:$R$7,11,FALSE),0) | F2: =Chassis!$B$4 | G2: =IF(E2>0,CEILING(C2/E2,1),0) | H2: =D2*2 | I2: =IF(AND(E2>0,F2>0),ROUNDUP(E2/F2,0),0) | J2: =IF(E2>0,1,0) | K2: =H2+I2+J2 | L2: =G2*K2 | M2: =H2*Chassis!$B$5+I2*Chassis!$B$6+J2*Chassis!$B$7 | N2: =G2*M2 | O2: =IFERROR(VLOOKUP(B2,Loadouts!$A$2:$R$7,16,FALSE),0) | P2: =IFERROR(VLOOKUP(B2,Loadouts!$A$2:$R$7,17,FALSE),0) | Q2: =O2*K2 | R2: =Q2<=P2 | S2: =P2-Q2 | T2: =IF(AND(O2>0,E2>0),MAX(0,ROUNDDOWN(((P2/O2)-J2-I2)/2,0)),"")
A3: Level2_ReturnInTime | B3: StarterMiner | C3: 12 | D3: 8 | E3: =IFERROR(VLOOKUP(B3,Loadouts!$A$2:$R$7,11,FALSE),0) | F3: =Chassis!$B$4 | G3: =IF(E3>0,CEILING(C3/E3,1),0) | H3: =D3*2 | I3: =IF(AND(E3>0,F3>0),ROUNDUP(E3/F3,0),0) | J3: =IF(E3>0,1,0) | K3: =H3+I3+J3 | L3: =G3*K3 | M3: =H3*Chassis!$B$5+I3*Chassis!$B$6+J3*Chassis!$B$7 | N3: =G3*M3 | O3: =IFERROR(VLOOKUP(B3,Loadouts!$A$2:$R$7,16,FALSE),0) | P3: =IFERROR(VLOOKUP(B3,Loadouts!$A$2:$R$7,17,FALSE),0) | Q3: =O3*K3 | R3: =Q3<=P3 | S3: =P3-Q3 | T3: =IF(AND(O3>0,E3>0),MAX(0,ROUNDDOWN(((P3/O3)-J3-I3)/2,0)),"")
A4: Level3_ThinkLess | B4: StarterMiner | C4: 12 | D4: 6 | E4: =IFERROR(VLOOKUP(B4,Loadouts!$A$2:$R$7,11,FALSE),0) | F4: =Chassis!$B$4 | G4: =IF(E4>0,CEILING(C4/E4,1),0) | H4: =D4*2 | I4: =IF(AND(E4>0,F4>0),ROUNDUP(E4/F4,0),0) | J4: =IF(E4>0,1,0) | K4: =H4+I4+J4 | L4: =G4*K4 | M4: =H4*Chassis!$B$5+I4*Chassis!$B$6+J4*Chassis!$B$7 | N4: =G4*M4 | O4: =IFERROR(VLOOKUP(B4,Loadouts!$A$2:$R$7,16,FALSE),0) | P4: =IFERROR(VLOOKUP(B4,Loadouts!$A$2:$R$7,17,FALSE),0) | Q4: =O4*K4 | R4: =Q4<=P4 | S4: =P4-Q4 | T4: =IF(AND(O4>0,E4>0),MAX(0,ROUNDDOWN(((P4/O4)-J4-I4)/2,0)),"")
A5: Level4_SameCode | B5: StarterMiner | C5: 20 | D5: 5 | E5: =IFERROR(VLOOKUP(B5,Loadouts!$A$2:$R$7,11,FALSE),0) | F5: =Chassis!$B$4 | G5: =IF(E5>0,CEILING(C5/E5,1),0) | H5: =D5*2 | I5: =IF(AND(E5>0,F5>0),ROUNDUP(E5/F5,0),0) | J5: =IF(E5>0,1,0) | K5: =H5+I5+J5 | L5: =G5*K5 | M5: =H5*Chassis!$B$5+I5*Chassis!$B$6+J5*Chassis!$B$7 | N5: =G5*M5 | O5: =IFERROR(VLOOKUP(B5,Loadouts!$A$2:$R$7,16,FALSE),0) | P5: =IFERROR(VLOOKUP(B5,Loadouts!$A$2:$R$7,17,FALSE),0) | Q5: =O5*K5 | R5: =Q5<=P5 | S5: =P5-Q5 | T5: =IF(AND(O5>0,E5>0),MAX(0,ROUNDDOWN(((P5/O5)-J5-I5)/2,0)),"")
A6: Level5_BlindSighted_Miner | B6: StarterMiner | C6: 15 | D6: 7 | E6: =IFERROR(VLOOKUP(B6,Loadouts!$A$2:$R$7,11,FALSE),0) | F6: =Chassis!$B$4 | G6: =IF(E6>0,CEILING(C6/E6,1),0) | H6: =D6*2 | I6: =IF(AND(E6>0,F6>0),ROUNDUP(E6/F6,0),0) | J6: =IF(E6>0,1,0) | K6: =H6+I6+J6 | L6: =G6*K6 | M6: =H6*Chassis!$B$5+I6*Chassis!$B$6+J6*Chassis!$B$7 | N6: =G6*M6 | O6: =IFERROR(VLOOKUP(B6,Loadouts!$A$2:$R$7,16,FALSE),0) | P6: =IFERROR(VLOOKUP(B6,Loadouts!$A$2:$R$7,17,FALSE),0) | Q6: =O6*K6 | R6: =Q6<=P6 | S6: =P6-Q6 | T6: =IF(AND(O6>0,E6>0),MAX(0,ROUNDDOWN(((P6/O6)-J6-I6)/2,0)),"")
A7: Level5_BlindSighted_Scout | B7: Scout | C7: 0 | D7: 7 | E7: =IFERROR(VLOOKUP(B7,Loadouts!$A$2:$R$7,11,FALSE),0) | F7: =Chassis!$B$4 | G7: =IF(E7>0,CEILING(C7/E7,1),0) | H7: =D7*2 | I7: =IF(AND(E7>0,F7>0),ROUNDUP(E7/F7,0),0) | J7: =IF(E7>0,1,0) | K7: =H7+I7+J7 | L7: =G7*K7 | M7: =H7*Chassis!$B$5+I7*Chassis!$B$6+J7*Chassis!$B$7 | N7: =G7*M7 | O7: =IFERROR(VLOOKUP(B7,Loadouts!$A$2:$R$7,16,FALSE),0) | P7: =IFERROR(VLOOKUP(B7,Loadouts!$A$2:$R$7,17,FALSE),0) | Q7: =O7*K7 | R7: =Q7<=P7 | S7: =P7-Q7 | T7: =IF(AND(O7>0,E7>0),MAX(0,ROUNDDOWN(((P7/O7)-J7-I7)/2,0)),"")
A8: Level6_ClaimWork | B8: StarterMiner | C8: 30 | D8: 9 | E8: =IFERROR(VLOOKUP(B8,Loadouts!$A$2:$R$7,11,FALSE),0) | F8: =Chassis!$B$4 | G8: =IF(E8>0,CEILING(C8/E8,1),0) | H8: =D8*2 | I8: =IF(AND(E8>0,F8>0),ROUNDUP(E8/F8,0),0) | J8: =IF(E8>0,1,0) | K8: =H8+I8+J8 | L8: =G8*K8 | M8: =H8*Chassis!$B$5+I8*Chassis!$B$6+J8*Chassis!$B$7 | N8: =G8*M8 | O8: =IFERROR(VLOOKUP(B8,Loadouts!$A$2:$R$7,16,FALSE),0) | P8: =IFERROR(VLOOKUP(B8,Loadouts!$A$2:$R$7,17,FALSE),0) | Q8: =O8*K8 | R8: =Q8<=P8 | S8: =P8-Q8 | T8: =IF(AND(O8>0,E8>0),MAX(0,ROUNDDOWN(((P8/O8)-J8-I8)/2,0)),"")
A9: Level7_BuildMatters | B9: SurveyMiner | C9: 20 | D9: 10 | E9: =IFERROR(VLOOKUP(B9,Loadouts!$A$2:$R$7,11,FALSE),0) | F9: =Chassis!$B$4 | G9: =IF(E9>0,CEILING(C9/E9,1),0) | H9: =D9*2 | I9: =IF(AND(E9>0,F9>0),ROUNDUP(E9/F9,0),0) | J9: =IF(E9>0,1,0) | K9: =H9+I9+J9 | L9: =G9*K9 | M9: =H9*Chassis!$B$5+I9*Chassis!$B$6+J9*Chassis!$B$7 | N9: =G9*M9 | O9: =IFERROR(VLOOKUP(B9,Loadouts!$A$2:$R$7,16,FALSE),0) | P9: =IFERROR(VLOOKUP(B9,Loadouts!$A$2:$R$7,17,FALSE),0) | Q9: =O9*K9 | R9: =Q9<=P9 | S9: =P9-Q9 | T9: =IF(AND(O9>0,E9>0),MAX(0,ROUNDDOWN(((P9/O9)-J9-I9)/2,0)),"")
A10: Level8_FullSystem | B10: Coordinator | C10: 40 | D10: 12 | E10: =IFERROR(VLOOKUP(B10,Loadouts!$A$2:$R$7,11,FALSE),0) | F10: =Chassis!$B$4 | G10: =IF(E10>0,CEILING(C10/E10,1),0) | H10: =D10*2 | I10: =IF(AND(E10>0,F10>0),ROUNDUP(E10/F10,0),0) | J10: =IF(E10>0,1,0) | K10: =H10+I10+J10 | L10: =G10*K10 | M10: =H10*Chassis!$B$5+I10*Chassis!$B$6+J10*Chassis!$B$7 | N10: =G10*M10 | O10: =IFERROR(VLOOKUP(B10,Loadouts!$A$2:$R$7,16,FALSE),0) | P10: =IFERROR(VLOOKUP(B10,Loadouts!$A$2:$R$7,17,FALSE),0) | Q10: =O10*K10 | R10: =Q10<=P10 | S10: =P10-Q10 | T10: =IF(AND(O10>0,E10>0),MAX(0,ROUNDDOWN(((P10/O10)-J10-I10)/2,0)),"")
